method,seed,cond_gender_auc,cond_age_r2,tstr_node_gender_auc,tstr_node_age_r2,n_params,seconds,best_epoch,best_val,test_loss,test_loss_num,test_loss_cat,ks_age,tv_gender,tv_occupation,tv_zip_region,marginal_score,assoc_error,tstr_table_auc,cond_occ_acc,hom_gender_gap,hom_age_gap,dcr_ratio,exact_match,exact_match_real_test,node_gap_gender_agree,node_gap_age_mae
probe_real_labels,1000,0.7224264705882354,0.16032456281630458,0.7224264705882354,0.16032456281630458,,,,,,,,,,,,,,,,,,,,,,
marginal_bootstrap,1000,0.48875175070028015,-0.005280417620484812,0.428921568627451,-0.021160573125938775,0.0,0.0,,,,,,0.06210275423728817,0.0022510593220338715,0.11096398305084745,0.10037076271186442,0.06892213983050847,0.20301829638169513,0.5758928571428572,0.1228813559322034,0.0754237288135593,0.16518328215456857,1.289338654503991,0.0847457627118644,0.16101694915254236,0.04877756112194387,-1.054942252887356
row_bootstrap,1000,0.4055497198879552,-0.046996553072219394,0.4734768907563025,0.018713590316130624,0.0,0.0,,,,,,0.056011652542372836,0.004237288135593209,0.11904131355932202,0.09878177966101696,0.06951800847457626,0.07854483917521134,0.6115196078431373,0.18220338983050846,0.039830508474576254,0.1535177686419859,0.0,1.0,0.16101694915254236,0.010641967901604876,0.27331633418329027
diff_uncond,1000,0.4702380952380953,-0.08727367043381173,0.553921568627451,-0.09833682016427403,233123.0,16.5,65.0,0.4742370694875717,0.48123544454574585,0.46254511177539825,0.018690327648073435,0.08236228813559321,0.002515889830508461,0.1586334745762712,0.12341101694915253,0.09173066737288135,0.11768373739793796,0.4681372549019608,0.1652542372881356,0.06864406779661014,0.1874456514965936,1.200399087799316,0.08050847457627118,0.16101694915254236,0.00500974951252442,-1.821576421178941
diff_flat,1000,0.46857492997198885,0.11627989017735874,0.5547093837535014,0.07674180111360274,241987.0,11.9,10.0,0.4608158618211746,0.4905623719096184,0.4718482792377472,0.018714092671871185,0.1195709745762712,0.025820974576271194,0.12394067796610171,0.12778072033898308,0.09927833686440679,0.13646794259314823,0.40870098039215685,0.19491525423728814,0.054661016949152486,0.10658570296633527,1.2927594070695554,0.09322033898305085,0.16101694915254236,0.00785210739463027,-0.7501949902504865
diff_gnn,1000,0.4721638655462185,0.06173240545000491,0.5366771708683473,0.04077520032369297,255683.0,63.7,75.0,0.4483416676521301,0.4735830947756767,0.4549269899725914,0.01865610759705305,0.06660487288135593,0.009004237288135597,0.13016419491525427,0.11109639830508475,0.07921742584745764,0.10612951839454861,0.46647408963585435,0.211864406779661,0.08389830508474572,0.13731772868676573,1.15193842645382,0.11016949152542373,0.16101694915254236,0.012786860656967214,-0.9094720263986797
diff_gnn_shuffled,1000,0.48936449579831937,-0.07707722609355461,0.5403536414565826,-0.09724794297692219,255683.0,57.5,65.0,0.4778575599193573,0.4860541820526123,0.46735820919275284,0.018695979844778776,0.08779131355932202,0.003442796610169524,0.16353283898305088,0.1206302966101695,0.09384931144067797,0.11197337915139109,0.5314250700280111,0.1652542372881356,0.03771186440677965,0.16917322116118727,1.2651083238312433,0.11864406779661017,0.16101694915254236,0.011391930403479855,-1.341825408729564
diff_gnn_knn,1000,0.490983893557423,0.08981479427469397,0.5449929971988795,0.0418721329036047,243779.0,14.7,10.0,0.45548006892204285,0.4995245337486267,0.4807509705424309,0.018773560412228107,0.11533368644067798,0.026483050847457612,0.13095868644067796,0.12155720338983053,0.09858315677966104,0.1321281576442388,0.4098389355742297,0.19491525423728814,0.04830508474576267,0.12551620726561735,1.238027366020525,0.11016949152542373,0.16101694915254236,0.008924553772311383,-0.8450727463626819
probe_real_labels,1001,0.714110644257703,0.2250721516300106,0.714110644257703,0.2250721516300106,,,,,,,,,,,,,,,,,,,,,,
marginal_bootstrap,1001,0.516500350140056,-0.061196214483449474,0.38690476190476186,0.02821350705968073,0.0,0.0,,,,,,0.08898305084745761,0.0017213983050847481,0.09891419491525424,0.07454978813559321,0.06604210805084745,0.20118895462865713,0.4683560924369748,0.13983050847457626,0.08135593220338988,0.16984535527444408,1.5361354702146965,0.05508474576271186,0.1228813559322034,0.017346632668366557,0.6679991000449963
row_bootstrap,1001,0.4905899859943978,0.007937554771460631,0.5986519607843137,0.039854626295318996,0.0,0.0,,,,,,0.0858050847457627,0.002913135593220345,0.09745762711864409,0.07229872881355932,0.06461864406779662,0.0675477440941248,0.6888567927170868,0.17796610169491525,0.039830508474576254,0.1603060827072519,0.0,1.0,0.1228813559322034,-0.03666566671666416,0.1437303134843262
diff_uncond,1001,0.4718137254901961,0.003987002625029712,0.4415266106442577,-0.11258185993812764,233123.0,16.0,80.0,0.5216070860624313,0.47371166199445724,0.45663703978061676,0.017074629431590438,0.0757415254237288,0.0078125,0.09295550847457627,0.07176906779661017,0.06206965042372882,0.09173955314092487,0.633359593837535,0.18220338983050846,0.07711864406779656,0.17355334746106152,1.394315089204718,0.1059322033898305,0.1228813559322034,-0.04379781010949457,-0.29201289935503283
diff_flat,1001,0.5225840336134453,0.2535648216745776,0.5126925770308124,0.17690140891086603,241987.0,12.4,15.0,0.5124433934688568,0.485893152654171,0.4686320126056671,0.017261139350011945,0.10844809322033899,0.06210275423728816,0.09401483050847459,0.08461334745762712,0.08729475635593222,0.11435144144676267,0.5927433473389355,0.2033898305084746,0.019491525423728784,0.058649666206302783,1.1508920471726645,0.1228813559322034,0.1228813559322034,-0.023203839808009552,0.0950427478626068
diff_gnn,1001,0.5219712885154062,0.19648808316525845,0.5001750700280112,0.11017840701280068,255683.0,61.2,70.0,0.47988396883010864,0.4630202353000641,0.4458600655198097,0.017160185612738132,0.06567796610169496,0.015757415254237267,0.1363877118644068,0.08434851694915255,0.07554290254237289,0.11085447980863228,0.6784401260504203,0.211864406779661,0.06313559322033901,0.09308523080595536,1.2425158754157848,0.07627118644067797,0.1228813559322034,-0.05227238638068099,-0.14511024448777654
diff_gnn_shuffled,1001,0.4907212885154062,-0.0044068905007215164,0.4864320728291317,-0.1156776480183408,255683.0,58.5,80.0,0.5125029534101486,0.47833631932735443,0.4612323194742203,0.0171039963606745,0.10963983050847459,0.0022510593220338715,0.09295550847457626,0.07163665254237288,0.0691207627118644,0.08525367877030987,0.6771271008403361,0.1652542372881356,0.06313559322033901,0.18328474718986446,1.1790142122769884,0.1440677966101695,0.1228813559322034,-0.04025798710064499,-0.4039673016349177
diff_gnn_knn,1001,0.5011379551820728,0.21192426615275084,0.4810049019607844,0.13611071552997223,243779.0,14.5,10.0,0.5194620937108994,0.4795980677008629,0.46239862591028214,0.017199451103806496,0.09600105932203384,0.03323622881355934,0.10288665254237286,0.11864406779661017,0.08769200211864406,0.1389691341994857,0.6064863445378151,0.1906779661016949,0.10466101694915253,0.06448782112163104,1.346235258542486,0.08898305084745763,0.1228813559322034,-0.03215839208039595,-0.3395830208489574
probe_real_labels,1002,0.6756827731092437,0.2038747478762981,0.6756827731092437,0.2038747478762981,,,,,,,,,,,,,,,,,,,,,,
marginal_bootstrap,1002,0.4863007703081233,-0.05180823873262641,0.5674894957983193,-0.533402759577323,0.0,0.0,,,,,,0.03217690677966101,0.00503177966101695,0.10434322033898305,0.0871292372881356,0.05717028601694915,0.17681969300705566,0.49794292717086835,0.1694915254237288,0.09067796610169487,0.16832561669857526,1.2587719298245614,0.1059322033898305,0.15254237288135594,0.050277486125693716,0.4728138593070348
row_bootstrap,1002,0.48997724089635847,-0.060319365662462765,0.47155112044817926,-0.18124380408413066,0.0,0.0,,,,,,0.029793432203389814,0.0009269067796610075,0.1137447033898305,0.0949417372881356,0.05985169491525423,0.10454511572085166,0.6542804621848739,0.1652542372881356,0.007627118644067732,0.15265756333140196,0.0,1.0,0.15254237288135594,0.06009449527523625,-1.0982375881205932
diff_uncond,1002,0.554140406162465,-0.0699880995090778,0.38261554621848737,-0.3639762140856857,233123.0,17.8,80.0,0.5038774386048317,0.49437665939331055,0.4769279584288597,0.01744870957918465,0.04025423728813558,0.044756355932203395,0.11983580508474577,0.11679025423728813,0.08040916313559322,0.07241956561086815,0.5517769607843137,0.16101694915254236,0.047457627118643986,0.15393326070008295,1.022391505078486,0.06779661016949153,0.15254237288135594,-0.004537273136343112,-0.11232938353082211
diff_flat,1002,0.546656162464986,0.09340264103758311,0.4213060224089636,0.1360326516892867,241987.0,13.5,25.0,0.4992777556180954,0.4790038987994194,0.4616357460618019,0.017368157394230366,0.0456832627118644,0.0038400423728813526,0.10897775423728812,0.07322563559322033,0.057931673728813554,0.09990706742013329,0.4537377450980392,0.2076271186440678,0.05932203389830504,0.08319970657666789,1.1110341643582644,0.07203389830508475,0.15254237288135594,-0.013761811909404509,1.1898305084745768
diff_gnn,1002,0.5455619747899161,0.12141539216470754,0.3693977591036415,-0.04919429536766362,255683.0,64.7,85.0,0.5007574632763863,0.45641034841537476,0.4390275254845619,0.017382810823619366,0.026615466101694935,0.029396186440677957,0.10725635593220341,0.12301377118644069,0.07157044491525424,0.07433079822908231,0.4991684173669468,0.15254237288135594,0.0661016949152542,0.10256384287032068,0.9817636195752542,0.1228813559322034,0.15254237288135594,-0.02330883455827204,0.0008924553772313715
diff_gnn_shuffled,1002,0.5464810924369748,-0.06007552745770872,0.3877801120448179,-0.19341223499631166,255683.0,66.4,85.0,0.512700729072094,0.4811752587556839,0.4637707620859146,0.017404499696567655,0.06342690677966101,0.022245762711864403,0.11943855932203393,0.12566207627118645,0.08269332627118645,0.076452694999695,0.5179884453781513,0.11864406779661017,0.07245762711864401,0.13631455507024748,1.081717451523546,0.1016949152542373,0.15254237288135594,-0.011991900404979772,-0.030275986200690497
diff_gnn_knn,1002,0.5265668767507004,0.07272792674944706,0.4228816526610645,0.12184914555432336,243779.0,18.7,30.0,0.5174830034375191,0.4868014305830002,0.4695681408047676,0.017233296995982528,0.09904661016949154,0.035884533898305065,0.11347987288135594,0.08832097457627118,0.08418299788135593,0.09226054907817145,0.5090598739495799,0.16101694915254236,0.07881355932203382,0.12490149963556231,1.0865650969529086,0.11016949152542373,0.15254237288135594,-0.010596970151492413,1.6662141892905353
probe_real_labels,1003,0.7158613445378151,0.25624975438928366,0.7158613445378151,0.25624975438928366,,,,,,,,,,,,,,,,,,,,,,
marginal_bootstrap,1003,0.5294117647058822,0.01187961001173199,0.4209558823529411,-0.024140607485787058,0.0,0.0,,,,,,0.03442796610169491,0.0015889830508474256,0.10129766949152541,0.0971927966101695,0.05862685381355931,0.19365816128087257,0.48678221288515405,0.1483050847457627,0.003389830508474523,0.17714895594390373,1.2039787798408488,0.08898305084745763,0.13983050847457626,0.00044997750112485413,-0.2729788510574469
row_bootstrap,1003,0.45881477591036424,-0.058776592214714984,0.5137429971988796,-0.08472942280741513,0.0,0.0,,,,,,0.0401218220338983,0.0045021186440677985,0.10540254237288134,0.1015625,0.06289724576271186,0.0763566039585405,0.6580882352941176,0.16101694915254236,0.005508474576271238,0.1957164505826816,0.0,1.0,0.13983050847457626,0.02512374381280935,0.7122543872806357
diff_uncond,1003,0.4315038515406162,-0.03577714219361816,0.5040266106442577,-0.07695718502925053,233123.0,16.7,110.0,0.5037973821163177,0.504703976213932,0.4857090637087822,0.018994922284036875,0.05958686440677963,0.00807733050847459,0.09838453389830508,0.12658898305084745,0.0731594279661017,0.08405008657029818,0.5772058823529411,0.2033898305084746,0.038559322033898336,0.1829124433558471,0.8607427055702919,0.1228813559322034,0.13983050847457626,0.025551222438878085,-0.04520023998800049
diff_flat,1003,0.4437149859943978,0.2192462310086638,0.49798669467787116,0.16522932379776833,241987.0,13.0,20.0,0.504265196621418,0.4780893921852112,0.45912397652864456,0.018965421244502068,0.05627648305084748,0.03998940677966101,0.0969279661016949,0.10527012711864406,0.07461599576271186,0.11560717582326833,0.571953781512605,0.15254237288135594,0.07288135593220346,0.1384753947798771,0.9949602122015915,0.11440677966101695,0.13983050847457626,0.043572821358932035,0.13169341532923262
diff_gnn,1003,0.41907387955182074,0.12069478606064432,0.5043767507002801,0.05460606477798702,255683.0,52.5,50.0,0.5027972385287285,0.47299881279468536,0.4539392217993736,0.019059596117585897,0.11573093220338987,0.0027807203389830226,0.1532044491525424,0.09997351694915253,0.09292240466101695,0.10744456154614611,0.5528711484593838,0.1694915254237288,0.030932203389830493,0.13321557218765206,0.9403183023872679,0.11016949152542373,0.13983050847457626,0.014234288285585817,0.6150592470376477
diff_gnn_shuffled,1003,0.4332983193277311,-0.042407550101041025,0.49702380952380953,-0.035713468518919766,255683.0,84.6,135.0,0.5073129832744598,0.5035297721624374,0.48464392125606537,0.018885858356952667,0.0703125,0.007944915254237322,0.11533368644067796,0.09043961864406781,0.07100768008474577,0.09923685683501006,0.6355042016806722,0.16101694915254236,0.016525423728813604,0.16736082496178517,0.8387267904509285,0.15254237288135594,0.13983050847457626,0.01353682315884197,0.2491525423728813
diff_gnn_knn,1003,0.4206495098039215,0.11959087580091632,0.5073529411764706,0.09055305412899362,243779.0,16.5,10.0,0.5123575180768967,0.5032989233732224,0.484040230512619,0.01925869844853878,0.08990995762711873,0.009931144067796605,0.1306938559322034,0.1297669491525424,0.09007547669491528,0.12582318552443997,0.5934873949579832,0.1694915254237288,0.051694915254237306,0.12479186757521339,0.9962864721485413,0.1271186440677966,0.13983050847457626,0.026946152692365444,0.07462876856157052
probe_real_labels,1004,0.6867121848739495,0.18880485149960757,0.6867121848739495,0.18880485149960757,,,,,,,,,,,,,,,,,,,,,,
marginal_bootstrap,1004,0.4761904761904763,-0.03925082131810087,0.4018732492997199,-0.006082105044219466,0.0,0.0,,,,,,0.052701271186440676,0.0009269067796610075,0.15161546610169488,0.10182733050847458,0.07676774364406778,0.215889802314476,0.422531512605042,0.15677966101694915,0.045762711864406724,0.2838032081341886,1.3599120153973052,0.0423728813559322,0.13983050847457626,-0.02293385330733455,0.7914354282285885
row_bootstrap,1004,0.5472689075630253,-0.012718808541083426,0.4676995798319328,-0.08754508522555327,0.0,0.0,,,,,,0.060778601694915224,0.0007944915254237406,0.16234110169491525,0.11679025423728812,0.08517611228813558,0.10667884074960794,0.6825105042016807,0.13559322033898305,0.007627118644067843,0.3108103182535676,0.0,1.0,0.13983050847457626,-0.047930103494825294,-0.09999999999999964
diff_uncond,1004,0.49689250700280113,-0.05558911791282273,0.47610294117647056,-0.06528726307928912,233123.0,16.4,85.0,0.4626992866396904,0.4477333500981331,0.43041186034679413,0.01732148975133896,0.0668697033898305,0.059719279661016964,0.17703919491525424,0.10248940677966101,0.10152939618644069,0.12767412684277313,0.5351890756302522,0.1694915254237288,0.016949152542372836,0.23747401500712495,1.1358262304096787,0.09745762711864407,0.13983050847457626,0.023781310934453348,1.337438128093595
diff_flat,1004,0.5251663165266106,0.2143464791875771,0.5046393557422969,0.1354032738043779,241987.0,15.0,40.0,0.48235955834388733,0.48977208137512207,0.4725934788584709,0.01717859390191734,0.1487023305084746,0.019067796610169524,0.1652542372881356,0.08342161016949154,0.10411149364406783,0.14661126420888984,0.5671393557422969,0.1694915254237288,0.0775423728813559,0.1301740232292168,1.1729447346714328,0.09745762711864407,0.13983050847457626,0.017721613919304047,1.5309134543272833
diff_gnn,1004,0.5172881652661064,0.09015451275995723,0.5576855742296919,0.058026870965726896,255683.0,39.9,25.0,0.47357722371816635,0.47171325981616974,0.45446282625198364,0.01725043193437159,0.125926906779661,0.04131355932203387,0.14340572033898305,0.10063559322033899,0.10282044491525423,0.13905266575522174,0.524422268907563,0.19915254237288135,0.09067796610169487,0.20896558961583986,1.2625790486664834,0.1271186440677966,0.13983050847457626,2.2498875056231604e-05,0.9023098845057742
diff_gnn_shuffled,1004,0.5161939775910365,-0.010829974358154804,0.47137605042016806,-0.048073990249903664,255683.0,68.7,95.0,0.4652484580874443,0.4602397531270981,0.44305890053510666,0.017180852126330137,0.06501588983050843,0.0055614406779661285,0.15108580508474576,0.08527542372881355,0.07673463983050846,0.12086032644915583,0.5211834733893557,0.1906779661016949,0.08093220338983054,0.2408596925353037,1.1784437723398404,0.1271186440677966,0.13983050847457626,0.01171441427928599,1.1786560671966413
diff_gnn_knn,1004,0.5319502801120448,0.22587099286547563,0.4992121848739495,0.1847482480691316,243779.0,15.5,20.0,0.5152835100889206,0.49901730567216873,0.4817316085100174,0.017285702982917428,0.11295021186440679,0.008739406779661008,0.16009004237288135,0.10646186440677967,0.09706038135593222,0.16250820159548382,0.5756302521008403,0.17796610169491525,0.09152542372881356,0.1661253741233376,1.3112455320318948,0.11016949152542373,0.13983050847457626,0.014879256037198085,2.100727463626818
probe_real_labels,1005,0.6958158263305323,0.15146084606819166,0.6958158263305323,0.15146084606819166,,,,,,,,,,,,,,,,,,,,,,
marginal_bootstrap,1005,0.49474789915966394,0.009876265596775013,0.5814950980392157,-0.014684590780912776,0.0,0.0,,,,,,0.05362817796610175,0.004237288135593209,0.1285752118644068,0.12248411016949153,0.07723119703389832,0.19201951657516128,0.4228816526610644,0.13559322033898305,0.042796610169491545,0.11130058237933387,1.242519305019305,0.09745762711864407,0.1228813559322034,-0.0352707364631768,1.140775461226939
row_bootstrap,1005,0.4320728291316526,-0.03325117301672109,0.44012605042016806,-0.09857907298721491,0.0,0.0,,,,,,0.052568855932203395,0.0010593220338982745,0.13122351694915252,0.1340042372881356,0.07971398305084745,0.06097669386940683,0.5898984593837535,0.1440677966101695,0.0775423728813559,0.1330585054995364,0.0,1.0,0.1228813559322034,0.04105294735263232,0.11246437678116195
diff_uncond,1005,0.5184698879551821,-0.013229397490613248,0.4776785714285714,-0.018816401197557564,233123.0,27.5,200.0,0.4436982721090317,0.5455900058150291,0.5290702506899834,0.016519751399755478,0.06554555084745767,0.0026483050847457834,0.1449947033898305,0.13215042372881355,0.08633474576271188,0.058566089027254326,0.45579481792717086,0.1271186440677966,0.03686440677966096,0.09839831980124542,0.9005791505791507,0.11864406779661017,0.1228813559322034,-0.03709314534273278,-0.7482675866206687
diff_flat,1005,0.5072654061624651,0.12637057821668773,0.47085084033613445,0.12201662718762452,241987.0,12.4,10.0,0.4681052416563034,0.4998738095164299,0.48323260992765427,0.016641197493299842,0.09467690677966101,0.020789194915254217,0.14909957627118645,0.1330773305084746,0.09941075211864406,0.13119344145449377,0.4897584033613446,0.15254237288135594,0.04830508474576267,0.06884245802319511,0.9968629343629344,0.0847457627118644,0.1228813559322034,-0.020518974051297434,0.08462576871156458
diff_gnn,1005,0.4974614845938375,0.12966096843002495,0.4779411764705882,0.13713403064366902,255683.0,46.6,50.0,0.45567163825035095,0.4932500422000885,0.47666020691394806,0.0165898276027292,0.1069915254237288,0.007150423728813554,0.1302966101694915,0.1528072033898305,0.0993114406779661,0.08719130065736526,0.4804796918767507,0.16101694915254236,0.0330508474576271,0.04217745914973102,0.9529440154440154,0.08898305084745763,0.1228813559322034,-0.015906704664766735,-0.41416679166041703
diff_gnn_shuffled,1005,0.5042892156862745,0.02458252890295165,0.47829131652661067,0.009814181588964521,255683.0,76.2,100.0,0.4652828872203827,0.5288293287158012,0.5122900754213333,0.016539253760129213,0.08077330508474578,0.009931144067796605,0.1340042372881356,0.125926906779661,0.08765889830508475,0.07657670473129173,0.5064775910364145,0.1440677966101695,0.028389830508474545,0.08983593885884626,0.9358108108108109,0.13135593220338984,0.1228813559322034,-0.013761811909404509,-0.6586170691465423
diff_gnn_knn,1005,0.4915966386554622,0.10358753863391723,0.47050070028011204,0.11212540455300313,243779.0,14.0,10.0,0.47595567256212234,0.5079575553536415,0.49129220098257065,0.016665369272232056,0.12897245762711868,0.012579449152542388,0.14843750000000003,0.12844279661016947,0.10460805084745764,0.13248526859063167,0.4827556022408964,0.1228813559322034,0.03601694915254228,0.07079756654746483,0.9790057915057916,0.11016949152542373,0.1228813559322034,-0.02368381580920953,0.10279736013199425
probe_real_labels,1006,0.7194502801120448,0.16461127389617414,0.7194502801120448,0.16461127389617414,,,,,,,,,,,,,,,,,,,,,,
marginal_bootstrap,1006,0.4392944677871149,-0.0398991327944056,0.5470063025210083,-0.004867276451958391,0.0,0.0,,,,,,0.053230932203389814,0.0009269067796610075,0.10593220338983052,0.09560381355932202,0.06392346398305083,0.21080141412524453,0.48586309523809523,0.1440677966101695,0.038559322033898225,0.08070434668541596,0.961408688317166,0.0635593220338983,0.1228813559322034,0.0689965501724914,1.402144892755361
row_bootstrap,1006,0.5508578431372549,-0.024490386567561417,0.4318102240896359,0.03217730786833817,0.0,0.0,,,,,,0.046875,0.00013241525423732248,0.108448093220339,0.10341631355932206,0.0647179555084746,0.06100897225495514,0.6079744397759104,0.16101694915254236,0.027966101694915202,0.1421336501641346,0.0,1.0,0.1228813559322034,0.01171441427928599,-1.8880530973451322
diff_uncond,1006,0.41929271708683474,-0.07524564958261815,0.44642857142857145,-0.000451184172665986,233123.0,13.0,30.0,0.5033107101917267,0.48364681750535965,0.4657544270157814,0.017892392352223396,0.10301906779661019,0.009533898305084748,0.13215042372881353,0.1283103813559322,0.09325344279661016,0.11401298361284327,0.5705094537815126,0.1694915254237288,0.060169491525423724,0.17046005887611607,0.9382117250105442,0.1059322033898305,0.1228813559322034,-0.007379631018449073,0.8725063746812651
diff_flat,1006,0.43776260504201675,0.15804856969765324,0.4540441176470589,0.15691069098036936,241987.0,14.4,40.0,0.49709271639585495,0.49265795946121216,0.4749467372894287,0.017711220774799585,0.027542372881355914,0.05720338983050846,0.1428760593220339,0.10368114406779662,0.08282574152542373,0.13816294160614367,0.5725227591036415,0.1694915254237288,0.09025423728813553,0.0863153132880315,0.9512863770560946,0.13983050847457626,0.1228813559322034,-0.017676616169191584,1.232960851957401
diff_gnn,1006,0.44752275910364153,0.0039436822105761715,0.47198879551820727,0.05593103487511952,255683.0,74.5,110.0,0.48885464668273926,0.480290487408638,0.46255725622177124,0.017733246088027954,0.07454978813559321,0.07388771186440679,0.1340042372881356,0.09335275423728814,0.09394862288135594,0.10928238508463652,0.6266193977591036,0.2288135593220339,0.10508474576271187,0.044358513789517856,0.9924082665541966,0.1228813559322034,0.1228813559322034,0.009892005399730008,1.2171891405429722
diff_gnn_shuffled,1006,0.42336309523809523,-0.10249605220617863,0.46034663865546216,0.013349787028301141,255683.0,42.7,30.0,0.5025225281715393,0.48861100524663925,0.4706461802124977,0.017964834813028574,0.09507415254237289,0.006488347457627136,0.1264565677966102,0.12539724576271186,0.08835407838983052,0.12530545288201797,0.5559786414565826,0.1694915254237288,0.0661016949152542,0.16850935473619316,0.9312526360185577,0.1016949152542373,0.1228813559322034,-0.009847007649617434,0.40128993550322534
diff_gnn_knn,1006,0.4437587535014006,0.04110443670531161,0.468312324929972,0.11206339934085963,243779.0,15.0,10.0,0.4991719350218773,0.5020826235413551,0.4840957000851631,0.01798692299053073,0.12023305084745761,0.013506355932203395,0.12552966101694918,0.10090042372881355,0.09004237288135594,0.1725200218863444,0.46284138655462187,0.1694915254237288,0.06949152542372872,0.09587099343301546,1.0042176296921133,0.07627118644067797,0.1228813559322034,-0.00914954252287381,0.4095620218989051
probe_real_labels,1007,0.6631652661064427,0.18951749437730092,0.6631652661064427,0.18951749437730092,,,,,,,,,,,,,,,,,,,,,,
marginal_bootstrap,1007,0.5305497198879552,-0.006814582073739528,0.5098039215686274,-0.09364880673562248,0.0,0.0,,,,,,0.06223516949152541,0.0055614406779661285,0.1428760593220339,0.07097457627118645,0.07041181144067797,0.19236500504906717,0.4834558823529412,0.15254237288135594,0.0016949152542372614,0.0966139737007075,1.2412124299541518,0.07627118644067797,0.1483050847457627,-0.045515224238788066,0.9096445177741117
row_bootstrap,1007,0.47776610644257705,-0.034559427537148135,0.5346638655462185,-0.06593809625360669,0.0,0.0,,,,,,0.06766419491525422,0.005561440677966073,0.1414194915254237,0.07362288135593219,0.07206700211864404,0.04798458344532072,0.6949404761904762,0.1694915254237288,0.07076271186440675,0.11050473640963744,0.0,1.0,0.1483050847457627,-0.048732563371831406,-1.2554672266386682
diff_uncond,1007,0.49964985994397765,-0.041291020508995135,0.4851190476190476,-0.16002028745974983,233123.0,22.0,120.0,0.44169343262910843,0.4929356351494789,0.474841944873333,0.01809368538670242,0.0726959745762712,0.010328389830508461,0.14022775423728814,0.1371822033898305,0.09010858050847458,0.08356003564338348,0.5050770308123249,0.15254237288135594,0.010593220338983023,0.12701820826176452,1.088385124808966,0.07203389830508475,0.1483050847457627,0.014504274786260596,-0.11922153892305332
diff_flat,1007,0.5050770308123249,0.13050698819298812,0.4690126050420168,0.11858020921995072,241987.0,15.7,55.0,0.40786897391080856,0.4773917570710182,0.45934440195560455,0.01804735022597015,0.046477754237288116,0.009269067796610186,0.1273834745762712,0.09785487288135594,0.07024629237288135,0.10825907916880195,0.4742647058823529,0.1652542372881356,0.011864406779661052,0.031097050999833606,0.9513499745287824,0.09745762711864407,0.1483050847457627,0.011661916904154745,1.8477651117444136
diff_gnn,1007,0.5009191176470588,0.19298018685522544,0.4637605042016807,0.0607402194119131,255683.0,74.9,105.0,0.4208240285515785,0.47059331834316254,0.45259371399879456,0.01799959526397288,0.08898305084745761,0.01840572033898305,0.13546080508474576,0.09083686440677965,0.08342161016949151,0.10054873457375506,0.47400210084033617,0.15677966101694915,0.006779661016949157,0.07424746418076325,1.0295466123280694,0.1016949152542373,0.1483050847457627,0.03359832008399588,0.3472101394930238
diff_gnn_shuffled,1007,0.5107230392156863,0.011006762533851577,0.4699754901960784,-0.09548145822720433,255683.0,66.0,90.0,0.44714944064617157,0.49662746489048004,0.4786279574036598,0.017999498872086406,0.0546875,0.025291313559322015,0.13863877118644072,0.09467690677966101,0.07832362288135594,0.09926818515842924,0.4958858543417367,0.1483050847457627,0.014830508474576232,0.11388452778796232,0.9136525725929698,0.11864406779661017,0.1483050847457627,0.002812359382030838,0.07447127643617968
diff_gnn_knn,1007,0.48888305322128844,0.13204471726582157,0.479079131652661,0.11425093802426978,243779.0,16.3,25.0,0.430562324821949,0.5080981701612473,0.4899132773280144,0.01818488771095872,0.1370497881355932,0.05733580508474578,0.16048728813559324,0.12632415254237286,0.12029925847457626,0.11652296045714294,0.48608193277310924,0.16101694915254236,0.03474576271186447,0.04589780289069291,0.8568517575140091,0.16101694915254236,0.1483050847457627,0.02512374381280935,1.3268336583170832
probe_real_labels,1008,0.7409838935574229,0.12791156513941693,0.7409838935574229,0.12791156513941693,,,,,,,,,,,,,,,,,,,,,,
marginal_bootstrap,1008,0.5247724089635855,-0.06082691539338092,0.5601365546218487,0.03294868234887072,0.0,0.0,,,,,,0.10765360169491522,0.011122881355932202,0.1407574152542373,0.0858050847457627,0.08633474576271186,0.22888263331936484,0.4372373949579832,0.18220338983050846,0.061864406779660985,0.18917496301401737,1.1318855932203387,0.0847457627118644,0.13983050847457626,-0.014136793160341998,-0.29073796310184363
row_bootstrap,1008,0.507703081232493,-0.03315098766153102,0.5161064425770308,-0.06201983220931351,0.0,0.0,,,,,,0.10500529661016955,0.003045550847457612,0.1336069915254237,0.0814353813559322,0.08077330508474577,0.059811537769225105,0.7180497198879552,0.15254237288135594,0.013983050847457656,0.14487568623674543,0.0,1.0,0.13983050847457626,0.05306734663266843,-0.38869056547172676
diff_uncond,1008,0.548844537815126,-0.04103758849688588,0.4519432773109243,-0.03221017285660133,233123.0,16.2,80.0,0.4793007969856262,0.5115804597735405,0.4933825433254242,0.01819792203605175,0.09427966101694918,0.005561440677966073,0.13810911016949154,0.08342161016949153,0.08034295550847458,0.10681146338631266,0.5646008403361344,0.2076271186440678,0.017796610169491522,0.1858931367110253,1.1141419491525422,0.07203389830508475,0.13983050847457626,-0.05119994000299988,-1.3081145942702879
diff_flat,1008,0.49820553221288516,0.05928698446432956,0.5131302521008404,0.09326694431158777,241987.0,18.1,75.0,0.4821569249033928,0.5447568595409393,0.5264302119612694,0.01832663780078292,0.09030720338983056,0.0007944915254237406,0.1194385593220339,0.10010593220338983,0.07766154661016951,0.12374592709472097,0.5690651260504201,0.1906779661016949,0.012711864406779627,0.05142882801826011,0.9637182203389831,0.11440677966101695,0.13983050847457626,-0.04374531273436322,1.0457852107394618
diff_gnn,1008,0.5028886554621849,0.10437169920098044,0.5121673669467788,0.11427655457496766,255683.0,51.3,55.0,0.4821420758962631,0.49573324620723724,0.4775577634572983,0.018175478791818023,0.07415254237288138,0.01668432203389833,0.13665254237288138,0.08395127118644066,0.07786016949152544,0.11199279315947876,0.5835084033613445,0.17796610169491525,0.01016949152542379,0.14293125840991433,0.9369703389830507,0.1059322033898305,0.13983050847457626,-0.03913304334783263,-0.8919904004799744
diff_gnn_shuffled,1008,0.5267419467787116,-0.0983488103867236,0.45938375350140054,-0.08652820501154435,255683.0,57.7,80.0,0.4845719560980797,0.5341277718544006,0.5159734785556793,0.01815429306589067,0.13347457627118642,0.0078125,0.13029661016949154,0.0757415254237288,0.0868313029661017,0.106699988261912,0.5439425770308123,0.19491525423728814,0.006779661016949157,0.17982425187340287,1.0754766949152543,0.11016949152542373,0.13983050847457626,-0.05468726563671811,-0.8636643167841598
diff_gnn_knn,1008,0.5120360644257703,0.09191710075839998,0.4877450980392157,0.09439332850921345,243779.0,18.0,25.0,0.5115644484758377,0.5362498089671135,0.517910361289978,0.0183394611813128,0.1228813559322034,0.006223516949152547,0.13413665254237286,0.08673199152542371,0.08749337923728813,0.16032771881509217,0.5721288515406163,0.17372881355932204,0.025000000000000022,0.006159226091338843,1.0097987288135593,0.08050847457627118,0.13983050847457626,-0.049752512374381275,1.129413529323534
probe_real_labels,1009,0.7261904761904762,0.1473995497733538,0.7261904761904762,0.1473995497733538,,,,,,,,,,,,,,,,,,,,,,
marginal_bootstrap,1009,0.5291929271708683,-0.06934909040550385,0.47811624649859946,-0.14470867883215854,0.0,0.0,,,,,,0.09414724576271183,0.007282838983050849,0.10738877118644068,0.10195974576271184,0.07769465042372879,0.24053986438641264,0.5099789915966386,0.1652542372881356,0.05974576271186438,0.11628199797797717,1.2262277951933125,0.11440677966101695,0.11440677966101695,-0.014781760911954489,-0.46397180140992944
row_bootstrap,1009,0.5139618347338937,0.005681451177963592,0.5857843137254902,-0.045003782571468864,0.0,0.0,,,,,,0.08315677966101698,0.002515889830508461,0.11347987288135591,0.09401483050847456,0.07329184322033898,0.04612993140235625,0.6868872549019608,0.17372881355932204,0.035593220338983045,0.1339142128573392,0.0,1.0,0.11440677966101695,-0.03913304334783263,-0.9178416079196055
diff_uncond,1009,0.37342436974789917,-0.06752426923092347,0.5568977591036415,-0.2643918551997346,233123.0,18.3,120.0,0.47927848994731903,0.47356901317834854,0.45558086782693863,0.017988146282732487,0.10579978813559326,0.013109110169491539,0.11705508474576273,0.09401483050847456,0.08249470338983053,0.13217687484983007,0.6292892156862745,0.2033898305084746,0.06440677966101693,0.05967792473187046,1.0083594566353185,0.08050847457627118,0.11440677966101695,0.04271786410679457,-0.31334183290835504
diff_flat,1009,0.44826680672268915,0.13912176956492728,0.597514005602241,0.1278315520504616,241987.0,17.1,55.0,0.4693729355931282,0.45665302127599716,0.4384482577443123,0.018204773776233196,0.037738347457627164,0.07335805084745761,0.12301377118644066,0.10527012711864406,0.08484507415254237,0.15315019520651826,0.6634278711484595,0.1906779661016949,0.11440677966101687,0.008281533490590257,1.1353187042842214,0.09322033898305085,0.11440677966101695,0.02780860956952158,0.16660416979151194
diff_gnn,1009,0.40099789915966383,0.14838618567466022,0.6124824929971988,0.16130442376115162,255683.0,72.0,100.0,0.459746316075325,0.44094978272914886,0.4229787364602089,0.017971050925552845,0.06965042372881358,0.008342161016949179,0.11970338983050849,0.1306938559322034,0.08209745762711866,0.13741486848530401,0.6257878151260504,0.211864406779661,0.06694915254237288,0.03536925166054111,0.9474921630094042,0.11440677966101695,0.11440677966101695,0.04663266836658164,-1.318539073046347
diff_gnn_shuffled,1009,0.3962272408963585,-0.03354449825015049,0.610031512605042,-0.08740254068291886,255683.0,74.7,100.0,0.4816183000802994,0.47699616849422455,0.4590577930212021,0.017938388977199793,0.08580508474576265,0.0038400423728813526,0.12407309322033899,0.12235169491525423,0.08401747881355931,0.13290046584994855,0.603641456582633,0.19491525423728814,0.06228813559322033,0.06546866178979946,0.9848484848484848,0.11440677966101695,0.11440677966101695,0.05333733313334332,-0.8887580620968958
diff_gnn_knn,1009,0.3746498599439776,0.18858960737466945,0.6076680672268907,0.004737798808850169,243779.0,16.8,30.0,0.47146986424922943,0.4523964896798134,0.4343356564640999,0.01806084020063281,0.09520656779661019,0.057733050847457626,0.10037076271186443,0.13215042372881358,0.09636520127118645,0.15138298537100828,0.5713410364145658,0.2076271186440678,0.02330508474576265,0.06469561428682345,0.8942006269592476,0.1440677966101695,0.11440677966101695,0.08347832608369588,-0.04667766611669322
